{"stats":{"minecraft:killed_by":{"minecraft:zombie":1},"minecraft:picked_up":{"minecraft:birch_sapling":1},"minecraft:used":{"minecraft:birch_sapling":1},"minecraft:custom":{"minecraft:jump":4,"minecraft:time_since_rest":140,"minecraft:walk_one_cm":2748,"minecraft:leave_game":2,"minecraft:play_time":985,"minecraft:damage_taken":245,"minecraft:time_since_death":0,"minecraft:deaths":1,"minecraft:total_world_time":985,"minecraft:fall_one_cm":693,"minecraft:fly_one_cm":361},"minecraft:mined":{"minecraft:grass":1,"minecraft:birch_leaves":9}},"DataVersion":3465}